{"stats":{"minecraft:broken":{"minecraft:stone_pickaxe":5,"minecraft:diamond_pickaxe":1,"minecraft:stone_axe":1,"minecraft:iron_sword":2,"minecraft:stone_shovel":3,"minecraft:stone_sword":1,"minecraft:leather_chestplate":1,"minecraft:stone_hoe":3,"minecraft:iron_pickaxe":9},"minecraft:dropped":{"minecraft:flint":2,"minecraft:dirt":1,"minecraft:grass":2,"minecraft:sand":4,"minecraft:bone":1,"minecraft:gravel":7,"minecraft:stone_axe":1,"minecraft:carrot":1,"minecraft:netherrack":60,"minecraft:egg":2,"minecraft:stone_hoe":1,"minecraft:bread":1,"minecraft:wheat_seeds":2,"minecraft:cobblestone":82,"minecraft:stick":5,"minecraft:oxeye_daisy":2,"minecraft:diorite":7,"minecraft:torch":1,"minecraft:pumpkin":3,"minecraft:iron_axe":1,"minecraft:kelp":4,"minecraft:shears":1,"minecraft:diamond_pickaxe":1,"minecraft:andesite":12,"minecraft:black_wool":6},"minecraft:killed":{"minecraft:spider":17,"minecraft:skeleton":32,"minecraft:chicken":21,"minecraft:turtle":1,"minecraft:magma_cube":23,"minecraft:pig":4,"minecraft:zombie_villager":6,"minecraft:salmon":3,"minecraft:creeper":17,"minecraft:zombie":58,"minecraft:ghast":2,"minecraft:blaze":23,"minecraft:husk":8,"minecraft:rabbit":5,"minecraft:squid":1,"minecraft:wither_skeleton":4,"minecraft:enderman":2},"minecraft:used":{"minecraft:beetroot":1,"minecraft:dispenser":2,"minecraft:chest":13,"minecraft:iron_sword":557,"minecraft:nether_wart":13,"minecraft:rotten_flesh":8,"minecraft:soul_sand":5,"minecraft:carrot":453,"minecraft:orange_wool":7,"minecraft:obsidian":10,"minecraft:birch_sapling":1,"minecraft:repeater":46,"minecraft:magma_block":2,"minecraft:bow":3,"minecraft:furnace":8,"minecraft:oak_sapling":2,"minecraft:beetroot_seeds":1,"minecraft:egg":2,"minecraft:potato":149,"minecraft:seagrass":1,"minecraft:diorite":32,"minecraft:spruce_door":2,"minecraft:stone_pickaxe":670,"minecraft:wooden_pickaxe":24,"minecraft:sandstone":21,"minecraft:sugar_cane":74,"minecraft:pumpkin_seeds":16,"minecraft:shears":2,"minecraft:redstone_torch":49,"minecraft:lever":2,"minecraft:stone_button":1,"minecraft:bread":74,"minecraft:gravel":6,"minecraft:diamond_sword":200,"minecraft:cooked_rabbit":2,"minecraft:andesite":4,"minecraft:bone_meal":105,"minecraft:oak_fence":8,"minecraft:iron_bars":13,"minecraft:enchanting_table":1,"minecraft:stone_sword":153,"minecraft:flint_and_steel":1,"minecraft:stone_shovel":572,"minecraft:redstone":132,"minecraft:stone_hoe":410,"minecraft:cooked_chicken":2,"minecraft:netherrack":75,"minecraft:torch":522,"minecraft:brewing_stand":1,"minecraft:dirt":595,"minecraft:hopper":4,"minecraft:spruce_stairs":8,"minecraft:granite":86,"minecraft:bookshelf":12,"minecraft:iron_axe":205,"minecraft:orange_terracotta":1,"minecraft:wheat_seeds":614,"minecraft:water_bucket":42,"minecraft:cobblestone_stairs":58,"minecraft:cut_sandstone":4,"minecraft:cobblestone_slab":31,"minecraft:spruce_fence_gate":2,"minecraft:crafting_table":3,"minecraft:white_bed":2,"minecraft:piston":30,"minecraft:diamond_pickaxe":2913,"minecraft:iron_pickaxe":3318,"minecraft:stone_axe":116,"minecraft:cobblestone":677,"minecraft:cooked_porkchop":6,"minecraft:bucket":50,"minecraft:kelp":1},"minecraft:mined":{"minecraft:spruce_planks":7,"minecraft:farmland":11,"minecraft:jungle_slab":3,"minecraft:cobblestone_stairs":1,"minecraft:obsidian":11,"minecraft:spruce_trapdoor":1,"minecraft:granite":166,"minecraft:acacia_log":31,"minecraft:grass_block":319,"minecraft:hopper":1,"minecraft:nether_wart":10,"minecraft:magma_block":20,"minecraft:glowstone":84,"minecraft:iron_ore":238,"minecraft:pumpkin":30,"minecraft:azure_bluet":2,"minecraft:iron_bars":13,"minecraft:cut_sandstone":12,"minecraft:kelp_plant":1,"minecraft:torch":56,"minecraft:poppy":2,"minecraft:dead_bush":1,"minecraft:nether_quartz_ore":32,"minecraft:cobblestone":27,"minecraft:sugar_cane":247,"minecraft:wall_torch":64,"minecraft:seagrass":7,"minecraft:repeater":14,"minecraft:birch_log":12,"minecraft:wheat":442,"minecraft:tnt":9,"minecraft:grass":616,"minecraft:oak_log":116,"minecraft:beetroots":6,"minecraft:sand":32,"minecraft:dirt":234,"minecraft:dispenser":1,"minecraft:netherrack":1937,"minecraft:piston":11,"minecraft:oak_leaves":49,"minecraft:diamond_ore":26,"minecraft:nether_bricks":29,"minecraft:jungle_planks":2,"minecraft:redstone_wire":47,"minecraft:kelp":6,"minecraft:sandstone":22,"minecraft:redstone_ore":94,"minecraft:furnace":2,"minecraft:carrots":222,"minecraft:chiseled_sandstone":1,"minecraft:andesite":89,"minecraft:stripped_spruce_log":3,"minecraft:bookshelf":14,"minecraft:potatoes":74,"minecraft:cobblestone_slab":7,"minecraft:stone":3227,"minecraft:bone_block":25,"minecraft:redstone_wall_torch":9,"minecraft:acacia_leaves":16,"minecraft:soul_sand":23,"minecraft:dandelion":3,"minecraft:oak_fence":1,"minecraft:crafting_table":2,"minecraft:lapis_ore":11,"minecraft:diorite":142,"minecraft:spruce_stairs":8,"minecraft:redstone_torch":20,"minecraft:spruce_log":12,"minecraft:birch_leaves":2,"minecraft:grass_path":7,"minecraft:coal_ore":382,"minecraft:gravel":188,"minecraft:spruce_fence_gate":1,"minecraft:gold_ore":37},"minecraft:killed_by":{"minecraft:zombie":2,"minecraft:enderman":1},"minecraft:picked_up":{"minecraft:seagrass":18,"minecraft:wheat":447,"minecraft:yellow_wool":4,"minecraft:string":9,"minecraft:beetroot":5,"minecraft:spruce_planks":7,"minecraft:redstone_torch":32,"minecraft:cobblestone_slab":7,"minecraft:iron_pickaxe":6,"minecraft:enchanted_golden_apple":1,"minecraft:furnace":3,"minecraft:iron_boots":1,"minecraft:stick":16,"minecraft:oak_fence":1,"minecraft:torch":154,"minecraft:acacia_log":31,"minecraft:spruce_stairs":8,"minecraft:porkchop":10,"minecraft:diorite":140,"minecraft:stone_sword":5,"minecraft:rotten_flesh":141,"minecraft:blaze_rod":11,"minecraft:obsidian":11,"minecraft:iron_bars":13,"minecraft:cobblestone":2995,"minecraft:birch_log":12,"minecraft:magma_block":16,"minecraft:magma_cream":3,"minecraft:feather":25,"minecraft:repeater":16,"minecraft:andesite":96,"minecraft:potato":279,"minecraft:flint":19,"minecraft:lapis_lazuli":81,"minecraft:dirt":719,"minecraft:bone":60,"minecraft:acacia_planks":13,"minecraft:bow":3,"minecraft:wheat_seeds":900,"minecraft:glowstone_dust":253,"minecraft:rabbit":2,"minecraft:stone_hoe":1,"minecraft:oak_planks":1,"minecraft:ghast_tear":1,"minecraft:cooked_porkchop":1,"minecraft:jungle_planks":2,"minecraft:poisonous_potato":1,"minecraft:sand":127,"minecraft:stripped_spruce_log":3,"minecraft:ink_sac":12,"minecraft:jungle_slab":2,"minecraft:chiseled_sandstone":2,"minecraft:orange_wool":7,"minecraft:spruce_fence_gate":1,"minecraft:dispenser":1,"minecraft:diamond":26,"minecraft:granite":161,"minecraft:grass":2,"minecraft:bread":2,"minecraft:oak_sapling":9,"minecraft:netherrack":1880,"minecraft:crafting_table":3,"minecraft:azure_bluet":2,"minecraft:chicken":28,"minecraft:nether_wart":24,"minecraft:iron_axe":1,"minecraft:iron_nugget":18,"minecraft:poppy":3,"minecraft:light_gray_wool":9,"minecraft:sugar_cane":338,"minecraft:birch_sapling":1,"minecraft:piston":11,"minecraft:spruce_trapdoor":1,"minecraft:egg":242,"minecraft:sandstone":37,"minecraft:carrot":634,"minecraft:redstone":464,"minecraft:stone_pressure_plate":2,"minecraft:tnt":16,"minecraft:arrow":39,"minecraft:stone_shovel":2,"minecraft:beetroot_seeds":14,"minecraft:nether_bricks":28,"minecraft:shears":2,"minecraft:gold_ingot":22,"minecraft:white_wool":110,"minecraft:bone_block":25,"minecraft:oxeye_daisy":6,"minecraft:salmon":4,"minecraft:cut_sandstone":26,"minecraft:birch_planks":1,"minecraft:oak_log":132,"minecraft:gunpowder":31,"minecraft:cobblestone_stairs":4,"minecraft:paper":1,"minecraft:orange_terracotta":1,"minecraft:apple":1,"minecraft:kelp":5,"minecraft:rabbit_hide":4,"minecraft:iron_ingot":5,"minecraft:stone_pickaxe":2,"minecraft:iron_ore":243,"minecraft:acacia_sapling":8,"minecraft:iron_sword":3,"minecraft:soul_sand":22,"minecraft:book":42,"minecraft:pumpkin":36,"minecraft:red_wool":2,"minecraft:quartz":32,"minecraft:dandelion":3,"minecraft:gravel":155,"minecraft:white_bed":1,"minecraft:spruce_log":12,"minecraft:gold_ore":35,"minecraft:spruce_door":1,"minecraft:spider_eye":4,"minecraft:pumpkin_seeds":2,"minecraft:stone_axe":3,"minecraft:gray_wool":7,"minecraft:black_wool":9,"minecraft:coal":412,"minecraft:hopper":1,"minecraft:ender_pearl":1},"minecraft:custom":{"minecraft:animals_bred":73,"minecraft:interact_with_crafting_table":148,"minecraft:leave_game":14,"minecraft:time_since_death":119715,"minecraft:sprint_one_cm":3540587,"minecraft:drop":37,"minecraft:talked_to_villager":95,"minecraft:deaths":4,"minecraft:jump":7363,"minecraft:walk_on_water_one_cm":51489,"minecraft:enchant_item":16,"minecraft:interact_with_furnace":110,"minecraft:traded_with_villager":18,"minecraft:play_one_minute":841887,"minecraft:sleep_in_bed":8,"minecraft:damage_dealt":37673,"minecraft:crouch_one_cm":43,"minecraft:inspect_dispenser":11,"minecraft:horse_one_cm":626,"minecraft:mob_kills":234,"minecraft:inspect_hopper":3,"minecraft:walk_one_cm":3554966,"minecraft:sneak_time":69,"minecraft:walk_under_water_one_cm":23738,"minecraft:time_since_rest":119794,"minecraft:damage_taken":8212,"minecraft:fly_one_cm":582842,"minecraft:open_chest":604,"minecraft:fall_one_cm":73763},"minecraft:crafted":{"minecraft:oak_planks":298,"minecraft:cobblestone_slab":24,"minecraft:cooked_chicken":3,"minecraft:stone":384,"minecraft:cobblestone_stairs":76,"minecraft:lever":2,"minecraft:bookshelf":12,"minecraft:iron_bars":16,"minecraft:hopper":3,"minecraft:repeater":30,"minecraft:bow":2,"minecraft:iron_boots":3,"minecraft:chest":18,"minecraft:stone_hoe":4,"minecraft:oak_fence":12,"minecraft:cooked_rabbit":2,"minecraft:emerald":17,"minecraft:arrow":11,"minecraft:cooked_porkchop":9,"minecraft:crafting_table":2,"minecraft:spruce_planks":60,"minecraft:iron_helmet":2,"minecraft:baked_potato":62,"minecraft:wooden_pickaxe":1,"minecraft:rose_red":2,"minecraft:spruce_door":3,"minecraft:birch_planks":24,"minecraft:brewing_stand":1,"minecraft:pumpkin_seeds":16,"minecraft:dandelion_yellow":2,"minecraft:dispenser":1,"minecraft:diamond_pickaxe":2,"minecraft:iron_chestplate":1,"minecraft:paper":243,"minecraft:charcoal":1,"minecraft:stick":332,"minecraft:iron_ingot":223,"minecraft:compass":3,"minecraft:iron_pickaxe":17,"minecraft:stone_sword":2,"minecraft:gold_ingot":19,"minecraft:redstone_torch":93,"minecraft:spruce_fence_gate":1,"minecraft:shears":2,"minecraft:stone_shovel":7,"minecraft:iron_nugget":20,"minecraft:furnace":6,"minecraft:stone_button":1,"minecraft:piston":19,"minecraft:bone_meal":105,"minecraft:flint_and_steel":1,"minecraft:iron_axe":1,"minecraft:stone_pickaxe":7,"minecraft:sugar":4,"minecraft:diamond_sword":2,"minecraft:enchanting_table":1,"minecraft:iron_sword":3,"minecraft:cooked_salmon":2,"minecraft:bucket":3,"minecraft:stone_axe":1,"minecraft:orange_dye":2,"minecraft:bread":118,"minecraft:iron_leggings":4,"minecraft:white_bed":1,"minecraft:acacia_planks":92,"minecraft:torch":476}},"DataVersion":1519}