{"stats":{"minecraft:mined":{"minecraft:blue_carpet":1,"minecraft:spruce_planks":7,"minecraft:stone_pressure_plate":1,"minecraft:farmland":11,"minecraft:jungle_slab":3,"minecraft:cobblestone_stairs":2,"minecraft:brewing_stand":1,"minecraft:obsidian":11,"minecraft:spruce_trapdoor":1,"minecraft:granite":247,"minecraft:acacia_log":115,"minecraft:grass_block":519,"minecraft:hopper":1,"minecraft:oxeye_daisy":1,"minecraft:nether_wart":20,"minecraft:magma_block":20,"minecraft:glowstone":84,"minecraft:iron_ore":464,"minecraft:pumpkin":31,"minecraft:azure_bluet":3,"minecraft:iron_bars":13,"minecraft:oak_stairs":1,"minecraft:pink_tulip":1,"minecraft:blue_orchid":1,"minecraft:tripwire":3,"minecraft:cut_sandstone":23,"minecraft:kelp_plant":5,"minecraft:melon_stem":1,"minecraft:torch":58,"minecraft:poppy":3,"minecraft:melon":2,"minecraft:chest":5,"minecraft:dead_bush":3,"minecraft:nether_quartz_ore":32,"minecraft:cobblestone":120,"minecraft:sugar_cane":363,"minecraft:wall_torch":71,"minecraft:seagrass":13,"minecraft:repeater":25,"minecraft:birch_log":12,"minecraft:wheat":1035,"minecraft:tnt":18,"minecraft:grass":968,"minecraft:oak_log":250,"minecraft:beetroots":7,"minecraft:sand":38,"minecraft:dirt":507,"minecraft:dispenser":1,"minecraft:netherrack":1947,"minecraft:piston":36,"minecraft:oak_leaves":82,"minecraft:diamond_ore":51,"minecraft:pink_carpet":5,"minecraft:nether_bricks":29,"minecraft:jungle_planks":2,"minecraft:redstone_wire":79,"minecraft:kelp":24,"minecraft:sandstone":86,"minecraft:redstone_ore":219,"minecraft:oak_trapdoor":1,"minecraft:furnace":3,"minecraft:carrots":295,"minecraft:acacia_trapdoor":6,"minecraft:chiseled_sandstone":1,"minecraft:andesite":168,"minecraft:stripped_spruce_log":3,"minecraft:bookshelf":14,"minecraft:potatoes":240,"minecraft:vine":1,"minecraft:cobblestone_slab":7,"minecraft:white_tulip":1,"minecraft:stone":4996,"minecraft:bone_block":29,"minecraft:redstone_wall_torch":12,"minecraft:acacia_leaves":31,"minecraft:soul_sand":23,"minecraft:dandelion":8,"minecraft:oak_fence":4,"minecraft:crafting_table":7,"minecraft:dropper":7,"minecraft:lime_carpet":3,"minecraft:lapis_ore":44,"minecraft:diorite":213,"minecraft:spruce_stairs":8,"minecraft:redstone_torch":37,"minecraft:spruce_log":15,"minecraft:birch_leaves":2,"minecraft:grass_path":7,"minecraft:coal_ore":608,"minecraft:gravel":212,"minecraft:spruce_fence_gate":1,"minecraft:gold_ore":51},"minecraft:crafted":{"minecraft:oak_planks":474,"minecraft:cobblestone_slab":24,"minecraft:melon":128,"minecraft:blaze_powder":10,"minecraft:cooked_chicken":90,"minecraft:cobblestone_stairs":76,"minecraft:stone":384,"minecraft:lever":4,"minecraft:pink_carpet":9,"minecraft:bookshelf":15,"minecraft:cooked_mutton":8,"minecraft:iron_bars":16,"minecraft:glass":42,"minecraft:hopper":4,"minecraft:repeater":61,"minecraft:bow":15,"minecraft:iron_boots":7,"minecraft:melon_seeds":20,"minecraft:stone_pressure_plate":4,"minecraft:chest":20,"minecraft:stone_hoe":5,"minecraft:ender_eye":2,"minecraft:oak_fence":39,"minecraft:cooked_rabbit":2,"minecraft:glass_bottle":6,"minecraft:dropper":7,"minecraft:emerald":32,"minecraft:arrow":20,"minecraft:cooked_porkchop":14,"minecraft:crafting_table":5,"minecraft:spruce_planks":60,"minecraft:rose_red":3,"minecraft:iron_helmet":7,"minecraft:wooden_pickaxe":1,"minecraft:baked_potato":189,"minecraft:spruce_door":3,"minecraft:birch_planks":24,"minecraft:brewing_stand":1,"minecraft:pumpkin_seeds":28,"minecraft:dandelion_yellow":4,"minecraft:dispenser":1,"minecraft:diamond_pickaxe":3,"minecraft:iron_chestplate":4,"minecraft:book":7,"minecraft:paper":552,"minecraft:charcoal":1,"minecraft:stick":572,"minecraft:iron_ingot":446,"minecraft:compass":4,"minecraft:iron_pickaxe":25,"minecraft:iron_block":3,"minecraft:stone_sword":2,"minecraft:gold_ingot":42,"minecraft:lime_carpet":3,"minecraft:light_gray_dye":1,"minecraft:redstone_torch":169,"minecraft:cactus_green":2,"minecraft:spruce_fence_gate":1,"minecraft:shears":3,"minecraft:stone_shovel":8,"minecraft:jukebox":1,"minecraft:iron_nugget":22,"minecraft:furnace":13,"minecraft:stone_button":1,"minecraft:piston":84,"minecraft:bone_meal":320,"minecraft:white_carpet":3,"minecraft:oak_trapdoor":14,"minecraft:flint_and_steel":2,"minecraft:iron_axe":2,"minecraft:lime_dye":2,"minecraft:stone_pickaxe":7,"minecraft:sugar":4,"minecraft:bone_block":15,"minecraft:diamond_sword":3,"minecraft:enchanting_table":1,"minecraft:dried_kelp":21,"minecraft:iron_sword":8,"minecraft:acacia_trapdoor":10,"minecraft:cooked_salmon":2,"minecraft:bucket":3,"minecraft:stone_axe":1,"minecraft:orange_dye":4,"minecraft:air":0,"minecraft:bread":123,"minecraft:acacia_boat":1,"minecraft:oak_fence_gate":1,"minecraft:oak_boat":1,"minecraft:gold_nugget":1,"minecraft:iron_shovel":2,"minecraft:iron_leggings":9,"minecraft:anvil":1,"minecraft:white_bed":1,"minecraft:acacia_planks":432,"minecraft:torch":672,"minecraft:blue_carpet":3,"minecraft:diamond_chestplate":1},"minecraft:killed_by":{"minecraft:creeper":5,"minecraft:zombie":2,"minecraft:enderman":2,"minecraft:skeleton":1,"minecraft:phantom":2},"minecraft:broken":{"minecraft:shears":1,"minecraft:iron_boots":5,"minecraft:iron_chestplate":2,"minecraft:iron_leggings":3,"minecraft:stone_pickaxe":6,"minecraft:golden_sword":1,"minecraft:diamond_pickaxe":1,"minecraft:stone_axe":1,"minecraft:iron_sword":4,"minecraft:stone_shovel":3,"minecraft:leather_helmet":1,"minecraft:stone_sword":1,"minecraft:leather_chestplate":1,"minecraft:stone_hoe":3,"minecraft:iron_axe":1,"minecraft:iron_pickaxe":11,"minecraft:iron_helmet":5},"minecraft:custom":{"minecraft:animals_bred":389,"minecraft:interact_with_crafting_table":273,"minecraft:leave_game":23,"minecraft:time_since_death":226794,"minecraft:sprint_one_cm":8266995,"minecraft:drop":134,"minecraft:talked_to_villager":143,"minecraft:deaths":14,"minecraft:jump":16165,"minecraft:interact_with_brewingstand":11,"minecraft:walk_on_water_one_cm":297309,"minecraft:enchant_item":47,"minecraft:interact_with_furnace":234,"minecraft:play_record":11,"minecraft:traded_with_villager":34,"minecraft:play_one_minute":1797770,"minecraft:sleep_in_bed":9,"minecraft:damage_dealt":210088,"minecraft:crouch_one_cm":701,"minecraft:inspect_dispenser":30,"minecraft:horse_one_cm":68633,"minecraft:inspect_dropper":20,"minecraft:mob_kills":1416,"minecraft:inspect_hopper":14,"minecraft:climb_one_cm":669,"minecraft:walk_one_cm":8106938,"minecraft:sneak_time":738,"minecraft:walk_under_water_one_cm":99942,"minecraft:boat_one_cm":177322,"minecraft:time_since_rest":226828,"minecraft:damage_taken":31630,"minecraft:swim_one_cm":3343,"minecraft:fly_one_cm":1685013,"minecraft:open_chest":2071,"minecraft:fall_one_cm":174003},"minecraft:dropped":{"minecraft:iron_sword":2,"minecraft:piston":4,"minecraft:glass_bottle":1,"minecraft:sandstone_stairs":2,"minecraft:flint":2,"minecraft:dirt":1,"minecraft:grass":2,"minecraft:seagrass":2,"minecraft:bone_meal":13,"minecraft:sand":4,"minecraft:iron_pickaxe":1,"minecraft:bone":1,"minecraft:gravel":7,"minecraft:stone_axe":1,"minecraft:sugar_cane":70,"minecraft:rotten_flesh":10,"minecraft:carrot":2,"minecraft:chest":1,"minecraft:netherrack":60,"minecraft:egg":3,"minecraft:stone_hoe":1,"minecraft:bread":3,"minecraft:wheat_seeds":3,"minecraft:cobblestone":179,"minecraft:stick":5,"minecraft:oxeye_daisy":2,"minecraft:diorite":36,"minecraft:torch":1,"minecraft:repeater":1,"minecraft:pumpkin":4,"minecraft:iron_axe":2,"minecraft:redstone":44,"minecraft:kelp":4,"minecraft:shears":2,"minecraft:pumpkin_seeds":4,"minecraft:diamond_sword":1,"minecraft:diamond_pickaxe":1,"minecraft:andesite":12,"minecraft:oak_sapling":1,"minecraft:spruce_log":1,"minecraft:black_wool":6},"minecraft:used":{"minecraft:beetroot":1,"minecraft:music_disc_far":5,"minecraft:iron_shovel":195,"minecraft:melon":2,"minecraft:dispenser":2,"minecraft:chest":21,"minecraft:iron_sword":2776,"minecraft:nether_wart":32,"minecraft:rotten_flesh":12,"minecraft:soul_sand":14,"minecraft:carrot":673,"minecraft:orange_wool":7,"minecraft:music_disc_11":1,"minecraft:obsidian":20,"minecraft:lava_bucket":10,"minecraft:birch_sapling":1,"minecraft:music_disc_chirp":1,"minecraft:golden_sword":67,"minecraft:repeater":77,"minecraft:magma_block":2,"minecraft:bow":426,"minecraft:oak_sapling":3,"minecraft:furnace":15,"minecraft:beetroot_seeds":1,"minecraft:egg":25,"minecraft:potato":323,"minecraft:seagrass":1,"minecraft:diorite":32,"minecraft:spruce_door":2,"minecraft:dropper":12,"minecraft:stone_pickaxe":798,"minecraft:acacia_trapdoor":9,"minecraft:ender_pearl":1,"minecraft:wooden_pickaxe":24,"minecraft:sandstone":56,"minecraft:sugar_cane":127,"minecraft:sand":5,"minecraft:pumpkin_seeds":26,"minecraft:shears":2,"minecraft:redstone_torch":72,"minecraft:lever":4,"minecraft:lime_carpet":6,"minecraft:stone_button":1,"minecraft:melon_slice":355,"minecraft:string":4,"minecraft:bread":133,"minecraft:gravel":17,"minecraft:diamond_sword":1428,"minecraft:cooked_rabbit":2,"minecraft:andesite":30,"minecraft:oak_boat":1,"minecraft:bone_meal":157,"minecraft:oak_fence":41,"minecraft:oak_trapdoor":11,"minecraft:iron_bars":13,"minecraft:enchanting_table":1,"minecraft:stone_sword":153,"minecraft:flint_and_steel":10,"minecraft:dried_kelp":5,"minecraft:stone_shovel":620,"minecraft:redstone":341,"minecraft:stone_hoe":447,"minecraft:cooked_chicken":74,"minecraft:netherrack":75,"minecraft:torch":643,"minecraft:brewing_stand":2,"minecraft:dirt":1241,"minecraft:anvil":1,"minecraft:white_carpet":3,"minecraft:hopper":5,"minecraft:spruce_stairs":8,"minecraft:pink_carpet":14,"minecraft:oak_fence_gate":1,"minecraft:granite":86,"minecraft:music_disc_mellohi":3,"minecraft:bookshelf":15,"minecraft:iron_axe":464,"minecraft:melon_seeds":18,"minecraft:stone_pressure_plate":5,"minecraft:orange_terracotta":1,"minecraft:wheat_seeds":1195,"minecraft:cooked_mutton":9,"minecraft:acacia_boat":2,"minecraft:water_bucket":73,"minecraft:cobblestone_stairs":60,"minecraft:glass_bottle":6,"minecraft:baked_potato":89,"minecraft:cut_sandstone":4,"minecraft:cobblestone_slab":31,"minecraft:spruce_fence_gate":2,"minecraft:crafting_table":11,"minecraft:spider_eye":1,"minecraft:white_bed":2,"minecraft:music_disc_strad":1,"minecraft:piston":105,"minecraft:ender_eye":7,"minecraft:diamond_pickaxe":4215,"minecraft:iron_pickaxe":5042,"minecraft:stone_axe":116,"minecraft:blue_carpet":3,"minecraft:cobblestone":1003,"minecraft:potion":1,"minecraft:cooked_porkchop":8,"minecraft:bucket":91,"minecraft:kelp":2,"minecraft:jukebox":1},"minecraft:killed":{"minecraft:witch":4,"minecraft:spider":211,"minecraft:skeleton":231,"minecraft:chicken":190,"minecraft:turtle":3,"minecraft:magma_cube":54,"minecraft:pig":6,"minecraft:zombie_villager":10,"minecraft:salmon":3,"minecraft:creeper":136,"minecraft:sheep":1,"minecraft:zombie":295,"minecraft:ghast":5,"minecraft:blaze":23,"minecraft:cow":12,"minecraft:phantom":21,"minecraft:drowned":7,"minecraft:husk":112,"minecraft:rabbit":7,"minecraft:squid":5,"minecraft:wither_skeleton":4,"minecraft:enderman":28},"minecraft:picked_up":{"minecraft:seagrass":20,"minecraft:iron_chestplate":10,"minecraft:music_disc_strad":3,"minecraft:wheat":1117,"minecraft:yellow_wool":4,"minecraft:diamond_sword":6,"minecraft:potion":1,"minecraft:brewing_stand":1,"minecraft:golden_sword":1,"minecraft:string":213,"minecraft:iron_leggings":7,"minecraft:beetroot":6,"minecraft:bucket":1,"minecraft:spruce_planks":7,"minecraft:redstone_torch":52,"minecraft:cobblestone_slab":7,"minecraft:ender_eye":7,"minecraft:iron_pickaxe":23,"minecraft:enchanted_golden_apple":1,"minecraft:melon_slice":183,"minecraft:furnace":4,"minecraft:iron_boots":6,"minecraft:blue_wool":10,"minecraft:stick":52,"minecraft:oak_fence":4,"minecraft:pink_carpet":5,"minecraft:torch":269,"minecraft:acacia_log":135,"minecraft:spruce_stairs":8,"minecraft:porkchop":15,"minecraft:diorite":246,"minecraft:light_blue_wool":16,"minecraft:lime_carpet":3,"minecraft:stone_sword":6,"minecraft:cactus":8,"minecraft:rotten_flesh":616,"minecraft:blaze_rod":11,"minecraft:obsidian":18,"minecraft:iron_bars":13,"minecraft:cobblestone":4819,"minecraft:birch_log":12,"minecraft:magma_block":16,"minecraft:leather_chestplate":1,"minecraft:feather":342,"minecraft:magma_cream":6,"minecraft:repeater":48,"minecraft:andesite":171,"minecraft:golden_leggings":1,"minecraft:potato":732,"minecraft:flint":21,"minecraft:acacia_boat":1,"minecraft:lapis_lazuli":332,"minecraft:dirt":1634,"minecraft:bone":326,"minecraft:acacia_planks":13,"minecraft:bow":28,"minecraft:wheat_seeds":2021,"minecraft:rabbit":2,"minecraft:glowstone_dust":254,"minecraft:stone_hoe":1,"minecraft:oak_planks":10,"minecraft:ghast_tear":1,"minecraft:cooked_porkchop":1,"minecraft:dropper":9,"minecraft:poisonous_potato":5,"minecraft:sand":447,"minecraft:jungle_planks":2,"minecraft:melon":2,"minecraft:stripped_spruce_log":3,"minecraft:ink_sac":33,"minecraft:grass_block":4,"minecraft:jungle_slab":2,"minecraft:chiseled_sandstone":2,"minecraft:orange_wool":10,"minecraft:spruce_fence_gate":1,"minecraft:dispenser":1,"minecraft:diamond":56,"minecraft:granite":240,"minecraft:bone_meal":8,"minecraft:grass":2,"minecraft:emerald":17,"minecraft:golden_horse_armor":2,"minecraft:bread":38,"minecraft:oak_sapling":16,"minecraft:netherrack":1893,"minecraft:crafting_table":9,"minecraft:azure_bluet":4,"minecraft:chicken":299,"minecraft:nether_wart":51,"minecraft:pink_wool":58,"minecraft:cooked_rabbit":1,"minecraft:diamond_horse_armor":1,"minecraft:oak_trapdoor":1,"minecraft:iron_axe":3,"minecraft:white_carpet":3,"minecraft:compass":2,"minecraft:iron_shovel":3,"minecraft:blue_orchid":1,"minecraft:beef":16,"minecraft:iron_nugget":18,"minecraft:poppy":4,"minecraft:light_gray_wool":17,"minecraft:chest":10,"minecraft:sugar_cane":562,"minecraft:birch_sapling":1,"minecraft:piston":47,"minecraft:spruce_trapdoor":1,"minecraft:phantom_membrane":12,"minecraft:egg":3023,"minecraft:lime_wool":33,"minecraft:sandstone":118,"minecraft:stone":35,"minecraft:music_disc_mellohi":5,"minecraft:music_disc_11":2,"minecraft:carrot":865,"minecraft:redstone":1076,"minecraft:iron_horse_armor":1,"minecraft:stone_pressure_plate":3,"minecraft:tnt":34,"minecraft:arrow":287,"minecraft:stone_shovel":2,"minecraft:beetroot_seeds":16,"minecraft:nether_bricks":28,"minecraft:shears":2,"minecraft:sandstone_stairs":2,"minecraft:saddle":2,"minecraft:gold_ingot":28,"minecraft:mutton":8,"minecraft:bone_block":33,"minecraft:white_wool":291,"minecraft:oxeye_daisy":9,"minecraft:salmon":4,"minecraft:cut_sandstone":57,"minecraft:leather":7,"minecraft:birch_planks":1,"minecraft:oak_log":279,"minecraft:gunpowder":207,"minecraft:cobblestone_stairs":7,"minecraft:paper":116,"minecraft:orange_terracotta":1,"minecraft:cooked_mutton":1,"minecraft:apple":1,"minecraft:kelp":29,"minecraft:acacia_trapdoor":6,"minecraft:rabbit_hide":5,"minecraft:iron_ingot":70,"minecraft:music_disc_far":8,"minecraft:stone_pickaxe":3,"minecraft:cooked_chicken":49,"minecraft:iron_ore":509,"minecraft:glass_bottle":1,"minecraft:iron_sword":12,"minecraft:acacia_sapling":8,"minecraft:soul_sand":22,"minecraft:music_disc_chirp":2,"minecraft:book":42,"minecraft:pumpkin":42,"minecraft:red_wool":24,"minecraft:quartz":32,"minecraft:dandelion":17,"minecraft:gravel":189,"minecraft:white_bed":1,"minecraft:spruce_log":13,"minecraft:gold_ore":49,"minecraft:spruce_door":1,"minecraft:spider_eye":66,"minecraft:leather_helmet":1,"minecraft:pumpkin_seeds":4,"minecraft:stone_axe":3,"minecraft:iron_helmet":5,"minecraft:gray_wool":30,"minecraft:baked_potato":149,"minecraft:black_wool":19,"minecraft:coal":685,"minecraft:hopper":1,"minecraft:ender_pearl":8}},"DataVersion":1519}